5732dad9025f881e3d8b456b,5679fe9de4b04f75123702dc,oYoUVt3B1YR1Ydrx6oLk-jg6n3ko
5732dad9025f881e3d8b456b,5679fe9de4b04f75123702dc,oYoUVt5irPsXwyTmcLdG2a5KIwkY
5732dad9025f881e3d8b456b,5679fe9de4b04f75123702dc,oYoUVt_REo5YZAHz-SUu_T8AVx84
5732dad9025f881e3d8b456b,5679fe9de4b04f75123702dc,oYoUVt517-Tbb25bBQAOXoN8d0wQ
5732dad9025f881e3d8b456b,5679fe9de4b04f75123702dc,oYoUVt9syJfTrc25n7ocREX_G9-s
5732dad9025f881e3d8b456b,5679fe9de4b04f75123702dc,oYoUVtxWSOm9BYVpwJ0GMAQMk9T0
5732dad9025f881e3d8b456b,5679fe9de4b04f75123702dc,oYoUVtwl9aHGGw7I8crAJRd4Ds1I
5732dad9025f881e3d8b456b,5679fe9de4b04f75123702dc,oYoUVt_tHS2e4PSVRmc07FPhmhY8
5732dad9025f881e3d8b456b,5679fe9de4b04f75123702dc,oYoUVt6DOn5A2PaguPAzZeqMUrJQ
5732dad9025f881e3d8b456b,5679fe9de4b04f75123702dc,oYoUVtySyjUF22GYwocB6WeCtq2Q
5732dad9025f881e3d8b456b,5679fe9de4b04f75123702dc,oYoUVt5T_DHJwe2pG1lsxmVbF3nk
5732dad9025f881e3d8b456b,5679fe9de4b04f75123702dc,oYoUVtwvl45sLuDTJw1A9jU9RPTw
5732dad9025f881e3d8b456b,5679fe9de4b04f75123702dc,oYoUVt5xFvwzoDiSE8fZTfbBxp-Y
5732dad9025f881e3d8b456b,5679fe9de4b04f75123702dc,oYoUVt_REo5YZAHz-SUu_T8AVx84
5732dad9025f881e3d8b456b,5679fe9de4b04f75123702dc,oYoUVt7hjzYvt07RoJiiQC3oIqNE
5732dad9025f881e3d8b456b,5679fe9de4b04f75123702dc,oYoUVt4VwaOrEy_oVeNt4W8XF6L8
5732dad9025f881e3d8b456b,5679fe9de4b04f75123702dc,oYoUVt2zT6mtrFn9T0nlNWkzJbEo
57352bebdebe338463897085,5679fe9de4b04f75123702dc,oYoUVt3B1YR1Ydrx6oLk-jg6n3ko
57352bebdebe338463897085,5679fe9de4b04f75123702dc,oYoUVt5irPsXwyTmcLdG2a5KIwkY
57352bebdebe338463897085,5679fe9de4b04f75123702dc,oYoUVt_REo5YZAHz-SUu_T8AVx84
57352bebdebe338463897085,5679fe9de4b04f75123702dc,oYoUVt517-Tbb25bBQAOXoN8d0wQ
57352bebdebe338463897085,5679fe9de4b04f75123702dc,oYoUVt9syJfTrc25n7ocREX_G9-s
57352bebdebe338463897085,5679fe9de4b04f75123702dc,oYoUVtxWSOm9BYVpwJ0GMAQMk9T0
57352bebdebe338463897085,5679fe9de4b04f75123702dc,oYoUVtwl9aHGGw7I8crAJRd4Ds1I
57352bebdebe338463897085,5679fe9de4b04f75123702dc,oYoUVt_tHS2e4PSVRmc07FPhmhY8
57352bebdebe338463897085,5679fe9de4b04f75123702dc,oYoUVt6DOn5A2PaguPAzZeqMUrJQ
57352bebdebe338463897085,5679fe9de4b04f75123702dc,oYoUVtySyjUF22GYwocB6WeCtq2Q
57352bebdebe338463897085,5679fe9de4b04f75123702dc,oYoUVt5T_DHJwe2pG1lsxmVbF3nk
57352bebdebe338463897085,5679fe9de4b04f75123702dc,oYoUVtwvl45sLuDTJw1A9jU9RPTw
57352bebdebe338463897085,5679fe9de4b04f75123702dc,oYoUVt5xFvwzoDiSE8fZTfbBxp-Y
57352bebdebe338463897085,5679fe9de4b04f75123702dc,oYoUVt_REo5YZAHz-SUu_T8AVx84
57352bebdebe338463897085,5679fe9de4b04f75123702dc,oYoUVt7hjzYvt07RoJiiQC3oIqNE
57352bebdebe338463897085,5679fe9de4b04f75123702dc,oYoUVt4VwaOrEy_oVeNt4W8XF6L8
57352bebdebe338463897085,5679fe9de4b04f75123702dc,oYoUVt2zT6mtrFn9T0nlNWkzJbEo
57352c09debe338463897086,5679fe9de4b04f75123702dc,oYoUVt3B1YR1Ydrx6oLk-jg6n3ko
57352c09debe338463897086,5679fe9de4b04f75123702dc,oYoUVt5irPsXwyTmcLdG2a5KIwkY
57352c09debe338463897086,5679fe9de4b04f75123702dc,oYoUVt_REo5YZAHz-SUu_T8AVx84
57352c09debe338463897086,5679fe9de4b04f75123702dc,oYoUVt517-Tbb25bBQAOXoN8d0wQ
57352c09debe338463897086,5679fe9de4b04f75123702dc,oYoUVt9syJfTrc25n7ocREX_G9-s
57352c09debe338463897086,5679fe9de4b04f75123702dc,oYoUVtxWSOm9BYVpwJ0GMAQMk9T0
57352c09debe338463897086,5679fe9de4b04f75123702dc,oYoUVtwl9aHGGw7I8crAJRd4Ds1I
57352c09debe338463897086,5679fe9de4b04f75123702dc,oYoUVt_tHS2e4PSVRmc07FPhmhY8
57352c09debe338463897086,5679fe9de4b04f75123702dc,oYoUVt6DOn5A2PaguPAzZeqMUrJQ
57352c09debe338463897086,5679fe9de4b04f75123702dc,oYoUVtySyjUF22GYwocB6WeCtq2Q
57352c09debe338463897086,5679fe9de4b04f75123702dc,oYoUVt5T_DHJwe2pG1lsxmVbF3nk
57352c09debe338463897086,5679fe9de4b04f75123702dc,oYoUVtwvl45sLuDTJw1A9jU9RPTw
57352c09debe338463897086,5679fe9de4b04f75123702dc,oYoUVt5xFvwzoDiSE8fZTfbBxp-Y
57352c09debe338463897086,5679fe9de4b04f75123702dc,oYoUVt_REo5YZAHz-SUu_T8AVx84
57352c09debe338463897086,5679fe9de4b04f75123702dc,oYoUVt7hjzYvt07RoJiiQC3oIqNE
57352c09debe338463897086,5679fe9de4b04f75123702dc,oYoUVt4VwaOrEy_oVeNt4W8XF6L8
57352c09debe338463897086,5679fe9de4b04f75123702dc,oYoUVt2zT6mtrFn9T0nlNWkzJbEo
57352c5d6f69eaedfdd94ea6,5679fe9de4b04f75123702dc,oYoUVt3B1YR1Ydrx6oLk-jg6n3ko
57352c5d6f69eaedfdd94ea6,5679fe9de4b04f75123702dc,oYoUVt5irPsXwyTmcLdG2a5KIwkY
57352c5d6f69eaedfdd94ea6,5679fe9de4b04f75123702dc,oYoUVt_REo5YZAHz-SUu_T8AVx84
57352c5d6f69eaedfdd94ea6,5679fe9de4b04f75123702dc,oYoUVt517-Tbb25bBQAOXoN8d0wQ
57352c5d6f69eaedfdd94ea6,5679fe9de4b04f75123702dc,oYoUVt9syJfTrc25n7ocREX_G9-s
57352c5d6f69eaedfdd94ea6,5679fe9de4b04f75123702dc,oYoUVtxWSOm9BYVpwJ0GMAQMk9T0
57352c5d6f69eaedfdd94ea6,5679fe9de4b04f75123702dc,oYoUVtwl9aHGGw7I8crAJRd4Ds1I
57352c5d6f69eaedfdd94ea6,5679fe9de4b04f75123702dc,oYoUVt_tHS2e4PSVRmc07FPhmhY8
57352c5d6f69eaedfdd94ea6,5679fe9de4b04f75123702dc,oYoUVt6DOn5A2PaguPAzZeqMUrJQ
57352c5d6f69eaedfdd94ea6,5679fe9de4b04f75123702dc,oYoUVtySyjUF22GYwocB6WeCtq2Q
57352c5d6f69eaedfdd94ea6,5679fe9de4b04f75123702dc,oYoUVt5T_DHJwe2pG1lsxmVbF3nk
57352c5d6f69eaedfdd94ea6,5679fe9de4b04f75123702dc,oYoUVtwvl45sLuDTJw1A9jU9RPTw
57352c5d6f69eaedfdd94ea6,5679fe9de4b04f75123702dc,oYoUVt5xFvwzoDiSE8fZTfbBxp-Y
57352c5d6f69eaedfdd94ea6,5679fe9de4b04f75123702dc,oYoUVt_REo5YZAHz-SUu_T8AVx84
57352c5d6f69eaedfdd94ea6,5679fe9de4b04f75123702dc,oYoUVt7hjzYvt07RoJiiQC3oIqNE
57352c5d6f69eaedfdd94ea6,5679fe9de4b04f75123702dc,oYoUVt4VwaOrEy_oVeNt4W8XF6L8
57352c5d6f69eaedfdd94ea6,5679fe9de4b04f75123702dc,oYoUVt2zT6mtrFn9T0nlNWkzJbEo
57352c986f69eaedfdd94ea7,5679fe9de4b04f75123702dc,oYoUVt3B1YR1Ydrx6oLk-jg6n3ko
57352c986f69eaedfdd94ea7,5679fe9de4b04f75123702dc,oYoUVt5irPsXwyTmcLdG2a5KIwkY
57352c986f69eaedfdd94ea7,5679fe9de4b04f75123702dc,oYoUVt_REo5YZAHz-SUu_T8AVx84
57352c986f69eaedfdd94ea7,5679fe9de4b04f75123702dc,oYoUVt517-Tbb25bBQAOXoN8d0wQ
57352c986f69eaedfdd94ea7,5679fe9de4b04f75123702dc,oYoUVt9syJfTrc25n7ocREX_G9-s
57352c986f69eaedfdd94ea7,5679fe9de4b04f75123702dc,oYoUVtxWSOm9BYVpwJ0GMAQMk9T0
57352c986f69eaedfdd94ea7,5679fe9de4b04f75123702dc,oYoUVtwl9aHGGw7I8crAJRd4Ds1I
57352c986f69eaedfdd94ea7,5679fe9de4b04f75123702dc,oYoUVt_tHS2e4PSVRmc07FPhmhY8
57352c986f69eaedfdd94ea7,5679fe9de4b04f75123702dc,oYoUVt6DOn5A2PaguPAzZeqMUrJQ
57352c986f69eaedfdd94ea7,5679fe9de4b04f75123702dc,oYoUVtySyjUF22GYwocB6WeCtq2Q
57352c986f69eaedfdd94ea7,5679fe9de4b04f75123702dc,oYoUVt5T_DHJwe2pG1lsxmVbF3nk
57352c986f69eaedfdd94ea7,5679fe9de4b04f75123702dc,oYoUVtwvl45sLuDTJw1A9jU9RPTw
57352c986f69eaedfdd94ea7,5679fe9de4b04f75123702dc,oYoUVt5xFvwzoDiSE8fZTfbBxp-Y
57352c986f69eaedfdd94ea7,5679fe9de4b04f75123702dc,oYoUVt_REo5YZAHz-SUu_T8AVx84
57352c986f69eaedfdd94ea7,5679fe9de4b04f75123702dc,oYoUVt7hjzYvt07RoJiiQC3oIqNE
57352c986f69eaedfdd94ea7,5679fe9de4b04f75123702dc,oYoUVt4VwaOrEy_oVeNt4W8XF6L8
57352c986f69eaedfdd94ea7,5679fe9de4b04f75123702dc,oYoUVt2zT6mtrFn9T0nlNWkzJbEo
573537916f69eaedfdd94ea8,5679fe9de4b04f75123702dc,oYoUVt3B1YR1Ydrx6oLk-jg6n3ko
573537916f69eaedfdd94ea8,5679fe9de4b04f75123702dc,oYoUVt5irPsXwyTmcLdG2a5KIwkY
573537916f69eaedfdd94ea8,5679fe9de4b04f75123702dc,oYoUVt_REo5YZAHz-SUu_T8AVx84
573537916f69eaedfdd94ea8,5679fe9de4b04f75123702dc,oYoUVt517-Tbb25bBQAOXoN8d0wQ
573537916f69eaedfdd94ea8,5679fe9de4b04f75123702dc,oYoUVt9syJfTrc25n7ocREX_G9-s
573537916f69eaedfdd94ea8,5679fe9de4b04f75123702dc,oYoUVtxWSOm9BYVpwJ0GMAQMk9T0
573537916f69eaedfdd94ea8,5679fe9de4b04f75123702dc,oYoUVtwl9aHGGw7I8crAJRd4Ds1I
573537916f69eaedfdd94ea8,5679fe9de4b04f75123702dc,oYoUVt_tHS2e4PSVRmc07FPhmhY8
573537916f69eaedfdd94ea8,5679fe9de4b04f75123702dc,oYoUVt6DOn5A2PaguPAzZeqMUrJQ
573537916f69eaedfdd94ea8,5679fe9de4b04f75123702dc,oYoUVtySyjUF22GYwocB6WeCtq2Q
573537916f69eaedfdd94ea8,5679fe9de4b04f75123702dc,oYoUVt5T_DHJwe2pG1lsxmVbF3nk
573537916f69eaedfdd94ea8,5679fe9de4b04f75123702dc,oYoUVtwvl45sLuDTJw1A9jU9RPTw
573537916f69eaedfdd94ea8,5679fe9de4b04f75123702dc,oYoUVt5xFvwzoDiSE8fZTfbBxp-Y
573537916f69eaedfdd94ea8,5679fe9de4b04f75123702dc,oYoUVt_REo5YZAHz-SUu_T8AVx84
573537916f69eaedfdd94ea8,5679fe9de4b04f75123702dc,oYoUVt7hjzYvt07RoJiiQC3oIqNE
573537916f69eaedfdd94ea8,5679fe9de4b04f75123702dc,oYoUVt4VwaOrEy_oVeNt4W8XF6L8
573537916f69eaedfdd94ea8,5679fe9de4b04f75123702dc,oYoUVt2zT6mtrFn9T0nlNWkzJbEo
573537916f69eaedfdd94ea9,5679fe9de4b04f75123702dc,oYoUVt3B1YR1Ydrx6oLk-jg6n3ko
573537916f69eaedfdd94ea9,5679fe9de4b04f75123702dc,oYoUVt5irPsXwyTmcLdG2a5KIwkY
573537916f69eaedfdd94ea9,5679fe9de4b04f75123702dc,oYoUVt_REo5YZAHz-SUu_T8AVx84
573537916f69eaedfdd94ea9,5679fe9de4b04f75123702dc,oYoUVt517-Tbb25bBQAOXoN8d0wQ
573537916f69eaedfdd94ea9,5679fe9de4b04f75123702dc,oYoUVt9syJfTrc25n7ocREX_G9-s
573537916f69eaedfdd94ea9,5679fe9de4b04f75123702dc,oYoUVtxWSOm9BYVpwJ0GMAQMk9T0
573537916f69eaedfdd94ea9,5679fe9de4b04f75123702dc,oYoUVtwl9aHGGw7I8crAJRd4Ds1I
573537916f69eaedfdd94ea9,5679fe9de4b04f75123702dc,oYoUVt_tHS2e4PSVRmc07FPhmhY8
573537916f69eaedfdd94ea9,5679fe9de4b04f75123702dc,oYoUVt6DOn5A2PaguPAzZeqMUrJQ
573537916f69eaedfdd94ea9,5679fe9de4b04f75123702dc,oYoUVtySyjUF22GYwocB6WeCtq2Q
573537916f69eaedfdd94ea9,5679fe9de4b04f75123702dc,oYoUVt5T_DHJwe2pG1lsxmVbF3nk
573537916f69eaedfdd94ea9,5679fe9de4b04f75123702dc,oYoUVtwvl45sLuDTJw1A9jU9RPTw
573537916f69eaedfdd94ea9,5679fe9de4b04f75123702dc,oYoUVt5xFvwzoDiSE8fZTfbBxp-Y
573537916f69eaedfdd94ea9,5679fe9de4b04f75123702dc,oYoUVt_REo5YZAHz-SUu_T8AVx84
573537916f69eaedfdd94ea9,5679fe9de4b04f75123702dc,oYoUVt7hjzYvt07RoJiiQC3oIqNE
573537916f69eaedfdd94ea9,5679fe9de4b04f75123702dc,oYoUVt4VwaOrEy_oVeNt4W8XF6L8
573537916f69eaedfdd94ea9,5679fe9de4b04f75123702dc,oYoUVt2zT6mtrFn9T0nlNWkzJbEo
573537916f69eaedfdd94eaa,5679fe9de4b04f75123702dc,oYoUVt3B1YR1Ydrx6oLk-jg6n3ko
573537916f69eaedfdd94eaa,5679fe9de4b04f75123702dc,oYoUVt5irPsXwyTmcLdG2a5KIwkY
573537916f69eaedfdd94eaa,5679fe9de4b04f75123702dc,oYoUVt_REo5YZAHz-SUu_T8AVx84
573537916f69eaedfdd94eaa,5679fe9de4b04f75123702dc,oYoUVt517-Tbb25bBQAOXoN8d0wQ
573537916f69eaedfdd94eaa,5679fe9de4b04f75123702dc,oYoUVt9syJfTrc25n7ocREX_G9-s
573537916f69eaedfdd94eaa,5679fe9de4b04f75123702dc,oYoUVtxWSOm9BYVpwJ0GMAQMk9T0
573537916f69eaedfdd94eaa,5679fe9de4b04f75123702dc,oYoUVtwl9aHGGw7I8crAJRd4Ds1I
573537916f69eaedfdd94eaa,5679fe9de4b04f75123702dc,oYoUVt_tHS2e4PSVRmc07FPhmhY8
573537916f69eaedfdd94eaa,5679fe9de4b04f75123702dc,oYoUVt6DOn5A2PaguPAzZeqMUrJQ
573537916f69eaedfdd94eaa,5679fe9de4b04f75123702dc,oYoUVtySyjUF22GYwocB6WeCtq2Q
573537916f69eaedfdd94eaa,5679fe9de4b04f75123702dc,oYoUVt5T_DHJwe2pG1lsxmVbF3nk
573537916f69eaedfdd94eaa,5679fe9de4b04f75123702dc,oYoUVtwvl45sLuDTJw1A9jU9RPTw
573537916f69eaedfdd94eaa,5679fe9de4b04f75123702dc,oYoUVt5xFvwzoDiSE8fZTfbBxp-Y
573537916f69eaedfdd94eaa,5679fe9de4b04f75123702dc,oYoUVt_REo5YZAHz-SUu_T8AVx84
573537916f69eaedfdd94eaa,5679fe9de4b04f75123702dc,oYoUVt7hjzYvt07RoJiiQC3oIqNE
573537916f69eaedfdd94eaa,5679fe9de4b04f75123702dc,oYoUVt4VwaOrEy_oVeNt4W8XF6L8
573537916f69eaedfdd94eaa,5679fe9de4b04f75123702dc,oYoUVt2zT6mtrFn9T0nlNWkzJbEo
573537926f69eaedfdd94eab,5679fe9de4b04f75123702dc,oYoUVt3B1YR1Ydrx6oLk-jg6n3ko
573537926f69eaedfdd94eab,5679fe9de4b04f75123702dc,oYoUVt5irPsXwyTmcLdG2a5KIwkY
573537926f69eaedfdd94eab,5679fe9de4b04f75123702dc,oYoUVt_REo5YZAHz-SUu_T8AVx84
573537926f69eaedfdd94eab,5679fe9de4b04f75123702dc,oYoUVt517-Tbb25bBQAOXoN8d0wQ
573537926f69eaedfdd94eab,5679fe9de4b04f75123702dc,oYoUVt9syJfTrc25n7ocREX_G9-s
573537926f69eaedfdd94eab,5679fe9de4b04f75123702dc,oYoUVtxWSOm9BYVpwJ0GMAQMk9T0
573537926f69eaedfdd94eab,5679fe9de4b04f75123702dc,oYoUVtwl9aHGGw7I8crAJRd4Ds1I
573537926f69eaedfdd94eab,5679fe9de4b04f75123702dc,oYoUVt_tHS2e4PSVRmc07FPhmhY8
573537926f69eaedfdd94eab,5679fe9de4b04f75123702dc,oYoUVt6DOn5A2PaguPAzZeqMUrJQ
573537926f69eaedfdd94eab,5679fe9de4b04f75123702dc,oYoUVtySyjUF22GYwocB6WeCtq2Q
573537926f69eaedfdd94eab,5679fe9de4b04f75123702dc,oYoUVt5T_DHJwe2pG1lsxmVbF3nk
573537926f69eaedfdd94eab,5679fe9de4b04f75123702dc,oYoUVtwvl45sLuDTJw1A9jU9RPTw
573537926f69eaedfdd94eab,5679fe9de4b04f75123702dc,oYoUVt5xFvwzoDiSE8fZTfbBxp-Y
573537926f69eaedfdd94eab,5679fe9de4b04f75123702dc,oYoUVt_REo5YZAHz-SUu_T8AVx84
573537926f69eaedfdd94eab,5679fe9de4b04f75123702dc,oYoUVt7hjzYvt07RoJiiQC3oIqNE
573537926f69eaedfdd94eab,5679fe9de4b04f75123702dc,oYoUVt4VwaOrEy_oVeNt4W8XF6L8
573537926f69eaedfdd94eab,5679fe9de4b04f75123702dc,oYoUVt2zT6mtrFn9T0nlNWkzJbEo
573537ab6f69eaedfdd94eac,5679fe9de4b04f75123702dc,oYoUVt3B1YR1Ydrx6oLk-jg6n3ko
573537ab6f69eaedfdd94eac,5679fe9de4b04f75123702dc,oYoUVt5irPsXwyTmcLdG2a5KIwkY
573537ab6f69eaedfdd94eac,5679fe9de4b04f75123702dc,oYoUVt_REo5YZAHz-SUu_T8AVx84
573537ab6f69eaedfdd94eac,5679fe9de4b04f75123702dc,oYoUVt517-Tbb25bBQAOXoN8d0wQ
573537ab6f69eaedfdd94eac,5679fe9de4b04f75123702dc,oYoUVt9syJfTrc25n7ocREX_G9-s
573537ab6f69eaedfdd94eac,5679fe9de4b04f75123702dc,oYoUVtxWSOm9BYVpwJ0GMAQMk9T0
573537ab6f69eaedfdd94eac,5679fe9de4b04f75123702dc,oYoUVtwl9aHGGw7I8crAJRd4Ds1I
573537ab6f69eaedfdd94eac,5679fe9de4b04f75123702dc,oYoUVt_tHS2e4PSVRmc07FPhmhY8
573537ab6f69eaedfdd94eac,5679fe9de4b04f75123702dc,oYoUVt6DOn5A2PaguPAzZeqMUrJQ
573537ab6f69eaedfdd94eac,5679fe9de4b04f75123702dc,oYoUVtySyjUF22GYwocB6WeCtq2Q
573537ab6f69eaedfdd94eac,5679fe9de4b04f75123702dc,oYoUVt5T_DHJwe2pG1lsxmVbF3nk
573537ab6f69eaedfdd94eac,5679fe9de4b04f75123702dc,oYoUVtwvl45sLuDTJw1A9jU9RPTw
573537ab6f69eaedfdd94eac,5679fe9de4b04f75123702dc,oYoUVt5xFvwzoDiSE8fZTfbBxp-Y
573537ab6f69eaedfdd94eac,5679fe9de4b04f75123702dc,oYoUVt_REo5YZAHz-SUu_T8AVx84
573537ab6f69eaedfdd94eac,5679fe9de4b04f75123702dc,oYoUVt7hjzYvt07RoJiiQC3oIqNE
573537ab6f69eaedfdd94eac,5679fe9de4b04f75123702dc,oYoUVt4VwaOrEy_oVeNt4W8XF6L8
573537ab6f69eaedfdd94eac,5679fe9de4b04f75123702dc,oYoUVt2zT6mtrFn9T0nlNWkzJbEo
573537ab6f69eaedfdd94ead,5679fe9de4b04f75123702dc,oYoUVt3B1YR1Ydrx6oLk-jg6n3ko
573537ab6f69eaedfdd94ead,5679fe9de4b04f75123702dc,oYoUVt5irPsXwyTmcLdG2a5KIwkY
573537ab6f69eaedfdd94ead,5679fe9de4b04f75123702dc,oYoUVt_REo5YZAHz-SUu_T8AVx84
573537ab6f69eaedfdd94ead,5679fe9de4b04f75123702dc,oYoUVt517-Tbb25bBQAOXoN8d0wQ
573537ab6f69eaedfdd94ead,5679fe9de4b04f75123702dc,oYoUVt9syJfTrc25n7ocREX_G9-s
573537ab6f69eaedfdd94ead,5679fe9de4b04f75123702dc,oYoUVtxWSOm9BYVpwJ0GMAQMk9T0
573537ab6f69eaedfdd94ead,5679fe9de4b04f75123702dc,oYoUVtwl9aHGGw7I8crAJRd4Ds1I
573537ab6f69eaedfdd94ead,5679fe9de4b04f75123702dc,oYoUVt_tHS2e4PSVRmc07FPhmhY8
573537ab6f69eaedfdd94ead,5679fe9de4b04f75123702dc,oYoUVt6DOn5A2PaguPAzZeqMUrJQ
573537ab6f69eaedfdd94ead,5679fe9de4b04f75123702dc,oYoUVtySyjUF22GYwocB6WeCtq2Q
573537ab6f69eaedfdd94ead,5679fe9de4b04f75123702dc,oYoUVt5T_DHJwe2pG1lsxmVbF3nk
573537ab6f69eaedfdd94ead,5679fe9de4b04f75123702dc,oYoUVtwvl45sLuDTJw1A9jU9RPTw
573537ab6f69eaedfdd94ead,5679fe9de4b04f75123702dc,oYoUVt5xFvwzoDiSE8fZTfbBxp-Y
573537ab6f69eaedfdd94ead,5679fe9de4b04f75123702dc,oYoUVt_REo5YZAHz-SUu_T8AVx84
573537ab6f69eaedfdd94ead,5679fe9de4b04f75123702dc,oYoUVt7hjzYvt07RoJiiQC3oIqNE
573537ab6f69eaedfdd94ead,5679fe9de4b04f75123702dc,oYoUVt4VwaOrEy_oVeNt4W8XF6L8
573537ab6f69eaedfdd94ead,5679fe9de4b04f75123702dc,oYoUVt2zT6mtrFn9T0nlNWkzJbEo
